"","mxp","max","rate"
"0",0,0.0643880059444599,"100%"
"0.2",0,0.0656537473245543,"80%"
"0.4",0.2,0.0825865786838837,"60%"
"0.6",0.3,0.11803479737522,"40%"
"0.8",0.45,0.153606313565168,"20%"
"1",0.45,0.187948989934358,"0%"
